[{"id":1,"dong_title":"사직동","zeronine":643,"tennine":756,"twentynine":1251,"thirtynine":1448,"fourtynine":1591,"fiftynine":1554,"sixty_up":2457},
{"id":2,"dong_title":"삼청동","zeronine":150,"tennine":238,"twentynine":358,"thirtynine":452,"fourtynine":435,"fiftynine":466,"sixty_up":914},
{"id":3,"dong_title":"부암동","zeronine":587,"tennine":948,"twentynine":1666,"thirtynine":1426,"fourtynine":1645,"fiftynine":1731,"sixty_up":2522},
{"id":4,"dong_title":"평창동","zeronine":1208,"tennine":1775,"twentynine":2630,"thirtynine":2356,"fourtynine":2856,"fiftynine":3377,"sixty_up":4628},
{"id":5,"dong_title":"무악동","zeronine":751,"tennine":1054,"twentynine":960,"thirtynine":1007,"fourtynine":1627,"fiftynine":1392,"sixty_up":1954},
{"id":6,"dong_title":"교남동","zeronine":944,"tennine":874,"twentynine":1326,"thirtynine":1888,"fourtynine":1924,"fiftynine":1593,"sixty_up":2230},
{"id":7,"dong_title":"가회동","zeronine":217,"tennine":368,"twentynine":486,"thirtynine":634,"fourtynine":807,"fiftynine":750,"sixty_up":1225},
{"id":8,"dong_title":"종로1,2,3,4가동","zeronine":295,"tennine":371,"twentynine":1226,"thirtynine":1149,"fourtynine":1224,"fiftynine":1601,"sixty_up":2764},
{"id":9,"dong_title":"종로5,6가동","zeronine":137,"tennine":323,"twentynine":1237,"thirtynine":733,"fourtynine":717,"fiftynine":1033,"sixty_up":1537},
{"id":10,"dong_title":"이화동","zeronine":300,"tennine":566,"twentynine":2113,"thirtynine":1452,"fourtynine":1086,"fiftynine":1174,"sixty_up":1875},
{"id":11,"dong_title":"창신1동","zeronine":204,"tennine":310,"twentynine":878,"thirtynine":668,"fourtynine":840,"fiftynine":1384,"sixty_up":1814},
{"id":12,"dong_title":"창신2동","zeronine":328,"tennine":633,"twentynine":1636,"thirtynine":1095,"fourtynine":1403,"fiftynine":2170,"sixty_up":2560},
{"id":13,"dong_title":"창신3동","zeronine":434,"tennine":593,"twentynine":1064,"thirtynine":1071,"fourtynine":1047,"fiftynine":1326,"sixty_up":1787},
{"id":14,"dong_title":"숭인1동","zeronine":352,"tennine":439,"twentynine":909,"thirtynine":981,"fourtynine":1060,"fiftynine":1219,"sixty_up":1653},
{"id":15,"dong_title":"숭인2동","zeronine":337,"tennine":387,"twentynine":2057,"thirtynine":1605,"fourtynine":1347,"fiftynine":1800,"sixty_up":2439},
{"id":16,"dong_title":"청운효자동","zeronine":924,"tennine":1316,"twentynine":1702,"thirtynine":1867,"fourtynine":2304,"fiftynine":2009,"sixty_up":2968},
{"id":17,"dong_title":"혜화동","zeronine":790,"tennine":1925,"twentynine":7570,"thirtynine":2436,"fourtynine":2384,"fiftynine":2315,"sixty_up":3528},
{"id":158,"dong_title":"월계1동 ","zeronine":1444,"tennine":1909,"twentynine":4374,"thirtynine":3109,"fourtynine":3635,"fiftynine":3749,"sixty_up":5824},
{"id":159,"dong_title":"월계2동 ","zeronine":1721,"tennine":2233,"twentynine":3078,"thirtynine":3168,"fourtynine":4235,"fiftynine":4397,"sixty_up":7377},
{"id":160,"dong_title":"월계3동 ","zeronine":2632,"tennine":2353,"twentynine":3771,"thirtynine":5117,"fourtynine":4910,"fiftynine":4992,"sixty_up":8129},
{"id":161,"dong_title":"공릉2동 ","zeronine":3204,"tennine":4920,"twentynine":6915,"thirtynine":5575,"fourtynine":6982,"fiftynine":6227,"sixty_up":7361},
{"id":162,"dong_title":"하계1동 ","zeronine":1311,"tennine":3842,"twentynine":5929,"thirtynine":2937,"fourtynine":4596,"fiftynine":5171,"sixty_up":6028},
{"id":163,"dong_title":"하계2동 ","zeronine":1625,"tennine":3098,"twentynine":3309,"thirtynine":2681,"fourtynine":4310,"fiftynine":4102,"sixty_up":4367},
{"id":164,"dong_title":"중계본동 ","zeronine":1655,"tennine":4690,"twentynine":3541,"thirtynine":2023,"fourtynine":5437,"fiftynine":4799,"sixty_up":4016},
{"id":165,"dong_title":"중계1동 ","zeronine":1976,"tennine":5992,"twentynine":3263,"thirtynine":2053,"fourtynine":6808,"fiftynine":4630,"sixty_up":3430},
{"id":166,"dong_title":"중계4동 ","zeronine":1298,"tennine":2546,"twentynine":2714,"thirtynine":2158,"fourtynine":3818,"fiftynine":3698,"sixty_up":5248},
{"id":167,"dong_title":"상계1동 ","zeronine":2621,"tennine":3649,"twentynine":5659,"thirtynine":5320,"fourtynine":6098,"fiftynine":7283,"sixty_up":9729},
{"id":168,"dong_title":"상계2동 ","zeronine":1087,"tennine":2064,"twentynine":3510,"thirtynine":2533,"fourtynine":3343,"fiftynine":4071,"sixty_up":4750},
{"id":169,"dong_title":"상계5동 ","zeronine":1234,"tennine":2322,"twentynine":3632,"thirtynine":2865,"fourtynine":4029,"fiftynine":4767,"sixty_up":6855},
{"id":170,"dong_title":"상계8동 ","zeronine":2777,"tennine":2372,"twentynine":2676,"thirtynine":5212,"fourtynine":4123,"fiftynine":3036,"sixty_up":3890},
{"id":171,"dong_title":"상계9동 ","zeronine":1619,"tennine":2396,"twentynine":2765,"thirtynine":3041,"fourtynine":3813,"fiftynine":3663,"sixty_up":4705},
{"id":172,"dong_title":"상계10동","zeronine":1110,"tennine":1546,"twentynine":2465,"thirtynine":2637,"fourtynine":2730,"fiftynine":2915,"sixty_up":3333},
{"id":173,"dong_title":"상계3·4동","zeronine":1309,"tennine":2100,"twentynine":3141,"thirtynine":2748,"fourtynine":3949,"fiftynine":4760,"sixty_up":7939},
{"id":174,"dong_title":"상계6·7동","zeronine":2869,"tennine":3400,"twentynine":4767,"thirtynine":5245,"fourtynine":6021,"fiftynine":5732,"sixty_up":6800},
{"id":175,"dong_title":"중계2·3동","zeronine":2435,"tennine":3595,"twentynine":4600,"thirtynine":4664,"fourtynine":6394,"fiftynine":5850,"sixty_up":9570},
{"id":176,"dong_title":"공릉1동 ","zeronine":2416,"tennine":3051,"twentynine":7190,"thirtynine":5946,"fourtynine":5702,"fiftynine":6097,"sixty_up":8854},
{"id":193,"dong_title":"천연동","zeronine":1406,"tennine":1652,"twentynine":2448,"thirtynine":2584,"fourtynine":3119,"fiftynine":3124,"sixty_up":4470},
{"id":194,"dong_title":"홍제1동","zeronine":1719,"tennine":2069,"twentynine":3241,"thirtynine":3641,"fourtynine":4006,"fiftynine":4191,"sixty_up":6178},
{"id":195,"dong_title":"홍제3동","zeronine":879,"tennine":1300,"twentynine":2230,"thirtynine":2105,"fourtynine":2455,"fiftynine":2811,"sixty_up":4754},
{"id":196,"dong_title":"홍제2동","zeronine":906,"tennine":1188,"twentynine":1956,"thirtynine":1947,"fourtynine":2246,"fiftynine":2672,"sixty_up":3714},
{"id":197,"dong_title":"홍은1동","zeronine":1382,"tennine":1935,"twentynine":3048,"thirtynine":2822,"fourtynine":3433,"fiftynine":4002,"sixty_up":6136},
{"id":198,"dong_title":"홍은2동","zeronine":1528,"tennine":2495,"twentynine":4479,"thirtynine":3789,"fourtynine":4434,"fiftynine":4732,"sixty_up":6945},
{"id":199,"dong_title":"남가좌1동","zeronine":2316,"tennine":1478,"twentynine":1855,"thirtynine":2754,"fourtynine":3224,"fiftynine":2282,"sixty_up":3120},
{"id":200,"dong_title":"남가좌2동","zeronine":1906,"tennine":2210,"twentynine":4215,"thirtynine":3616,"fourtynine":4025,"fiftynine":3897,"sixty_up":5860},
{"id":201,"dong_title":"북가좌1동","zeronine":1640,"tennine":2007,"twentynine":2260,"thirtynine":2733,"fourtynine":3446,"fiftynine":3016,"sixty_up":4086},
{"id":202,"dong_title":"북가좌2동","zeronine":1926,"tennine":2730,"twentynine":4976,"thirtynine":4694,"fourtynine":5406,"fiftynine":5683,"sixty_up":8540},
{"id":203,"dong_title":"충현동","zeronine":832,"tennine":1290,"twentynine":3008,"thirtynine":2702,"fourtynine":2694,"fiftynine":3156,"sixty_up":4560},
{"id":204,"dong_title":"북아현동","zeronine":1531,"tennine":1196,"twentynine":2624,"thirtynine":3137,"fourtynine":2858,"fiftynine":2930,"sixty_up":3331},
{"id":205,"dong_title":"신촌동","zeronine":901,"tennine":1453,"twentynine":11483,"thirtynine":3758,"fourtynine":2122,"fiftynine":2089,"sixty_up":3004},
{"id":206,"dong_title":"연희동","zeronine":2021,"tennine":3062,"twentynine":8967,"thirtynine":6521,"fourtynine":6011,"fiftynine":5815,"sixty_up":8961}]