[
  {"id":1,"gu_name":"종로구","dong_name":"가회동","chu1":"곱창","chu2":"떡전문","chu3":"중식","chu4":"초밥전문",
    "bchu1":"햄버거전문", "bchu2":"핫도그전문", "bchu3":"카페",
    "a": "편의점", "b": "10", "c": "3", "d": "패스트푸드 과밀", "e": "사직동", "f": "21", "g": "4" },
  {"id":2,"gu_name":"종로구","dong_name":"교남동","chu1":"해물찜/탕","chu2":"카페","chu3":"떡볶이","chu4":"",
    "bchu1":"죽전문","bchu2":"샌드위치전문", "bchu3":"",
    "a": "한식/백반/한정식", "b": "45", "c": "6", "d": "테이크 아웃 발달", "e": "숭인2동", "f": "46", "g": "1" },
  {"id":3,"gu_name":"종로구","dong_name":"무악동","chu1":"양식","chu2":"초밥전문","chu3":"횟집","chu4":"설렁탕/국밥",
    "bchu1":"피자전문","bchu2":"도시락전문","bchu3":"",
    "a": "한식/백반/한정식", "b": "21", "c": "6", "d": "배달 발달", "e": "숭인1동", "f": "24", "g": "3" },
  {"id":4,"gu_name":"종로구","dong_name":"부암동","chu1":"샤브샤브전문","chu2":"한식/백반/한정식","chu3":"죽전문","chu4":"",
    "bchu1":"양식", "bchu2":"편의점", "bchu3":"카페",
    "a": "한식/백반/한정식", "b": "31", "c": "30", "d": "양식 과밀", "e": "종로1.2.3.4가동", "f": "537", "g": "161" },
  {"id":5,"gu_name":"종로구","dong_name":"사직동","chu1":"떡전문","chu2":"냉면집","chu3":"삼계탕전문","chu4":"",
    "bchu1":"한식/백반/한정식", "bchu2":"카페","bchu3":"복전문" ,
    "a": "편의점", "b": "20", "c": "201", "d": "한식 과포화", "e": "가회동", "f": "10", "g": "53" },
  {"id":6,"gu_name":"종로구","dong_name":"삼청동","chu1":"찜닭전문","chu2":"동남아음식전문","chu3":"","chu4":"",
    "bchu1":"카페", "bchu2":"홍어전문", "bchu3":"",
    "a": "한식/백반/한정식", "b": "67", "c": "220", "d": "카페 과포화", "e": "부암동", "f": "31", "g": "62" },
  {"id":7,"gu_name":"종로구","dong_name":"숭인1동","chu1":"양식","chu2":"낙지/오징어","chu3":"떡볶이","chu4":"",
    "bchu1":"제과제빵점", "bchu2":"햄버거전문", "bchu3":"동남아음식전문",
    "a": "한식/백반/한정식", "b": "21", "c": "8", "d": "아파트", "e": "숭인2동", "f": "46", "g": "2" },
  {"id":8,"gu_name":"종로구","dong_name":"숭인2동","chu1":"죽전문","chu2":"해장국/감자탕","chu3":"설렁탕/국밥집","chu4":"",
    "bchu1":"편의점", "bchu2":"떡볶이전문", "bchu3":"참치전문",
    "a": "한식/백반/한정식", "b": "46", "c": "23", "d": "아파트", "e": "숭인1동", "f": "21", "g": "8" },
  {"id":9,"gu_name":"종로구","dong_name":"이화동","chu1":"중식","chu2":"순대전문","chu3":"족발/보쌈전문","chu4":"",
    "bchu1":"햄버거전문", "bchu2":"호떡/츄러스전문", "bchu3":"고로케전문",
    "a": "한식/백반/한정식", "b": "102", "c": "7", "d": "패스트푸드 과밀", "e": "사직동", "f": "201", "g": "4" },
  {"id":10,"gu_name":"종로구","dong_name":"종로1.2.3.4가동","chu1":"추어탕전문","chu2":"고로케전문","chu3":"떡전문","chu4":"",
    "bchu1":"호프/맥주/BAR", "bchu2":"파전/빈대떡", "bchu3":"갈비/삼겹살",
    "a": "한식/백반/한정식", "b": "537", "c": "169", "d": "유흥업소 과밀", "e": "사직동", "f": "67", "g": "11" }
]