[{"id":1,"gu_name":"종로구","dong_name":"사직동","Classification":"한식","count":235},
{"id":1,"gu_name":"종로구","dong_name":"사직동","Classification":"중식","count":18},
{"id":1,"gu_name":"종로구","dong_name":"사직동","Classification":"닭/오리요리","count":15},
{"id":1,"gu_name":"종로구","dong_name":"사직동","Classification":"커피점/카페","count":122},
{"id":1,"gu_name":"종로구","dong_name":"사직동","Classification":"편의점/슈퍼마켓","count":29},
{"id":1,"gu_name":"종로구","dong_name":"사직동","Classification":"일식/수산물","count":43},
{"id":1,"gu_name":"종로구","dong_name":"사직동","Classification":"제과제빵떡케익","count":15},
{"id":1,"gu_name":"종로구","dong_name":"사직동","Classification":"유흥주점","count":32},
{"id":1,"gu_name":"종로구","dong_name":"사직동","Classification":"분식","count":51},
{"id":1,"gu_name":"종로구","dong_name":"사직동","Classification":"패스트푸드","count":10},
{"id":1,"gu_name":"종로구","dong_name":"사직동","Classification":"별식/퓨전요리","count":16},
{"id":1,"gu_name":"종로구","dong_name":"사직동","Classification":"양식","count":11},
{"id":2,"gu_name":"종로구","dong_name":"삼청동","Classification":"한식","count":72},
{"id":2,"gu_name":"종로구","dong_name":"삼청동","Classification":"중식","count":6},
{"id":2,"gu_name":"종로구","dong_name":"삼청동","Classification":"닭/오리요리","count":0},
{"id":2,"gu_name":"종로구","dong_name":"삼청동","Classification":"커피점/카페","count":117},
{"id":2,"gu_name":"종로구","dong_name":"삼청동","Classification":"편의점/슈퍼마켓","count":21},
{"id":2,"gu_name":"종로구","dong_name":"삼청동","Classification":"일식/수산물","count":11},
{"id":2,"gu_name":"종로구","dong_name":"삼청동","Classification":"제과제빵떡케익","count":8},
{"id":2,"gu_name":"종로구","dong_name":"삼청동","Classification":"유흥주점","count":11},
{"id":2,"gu_name":"종로구","dong_name":"삼청동","Classification":"분식","count":22},
{"id":2,"gu_name":"종로구","dong_name":"삼청동","Classification":"패스트푸드","count":2},
{"id":2,"gu_name":"종로구","dong_name":"삼청동","Classification":"별식/퓨전요리","count":1},
{"id":2,"gu_name":"종로구","dong_name":"삼청동","Classification":"양식","count":2},
{"id":3,"gu_name":"종로구","dong_name":"부암동","Classification":"한식","count":33},
{"id":3,"gu_name":"종로구","dong_name":"부암동","Classification":"중식","count":3},
{"id":3,"gu_name":"종로구","dong_name":"부암동","Classification":"닭/오리요리","count":4},
{"id":3,"gu_name":"종로구","dong_name":"부암동","Classification":"커피점/카페","count":62},
{"id":3,"gu_name":"종로구","dong_name":"부암동","Classification":"편의점/슈퍼마켓","count":22},
{"id":3,"gu_name":"종로구","dong_name":"부암동","Classification":"일식/수산물","count":5},
{"id":3,"gu_name":"종로구","dong_name":"부암동","Classification":"제과제빵떡케익","count":6},
{"id":3,"gu_name":"종로구","dong_name":"부암동","Classification":"유흥주점","count":7},
{"id":3,"gu_name":"종로구","dong_name":"부암동","Classification":"분식","count":16},
{"id":3,"gu_name":"종로구","dong_name":"부암동","Classification":"패스트푸드","count":4},
{"id":3,"gu_name":"종로구","dong_name":"부암동","Classification":"별식/퓨전요리","count":0},
{"id":3,"gu_name":"종로구","dong_name":"부암동","Classification":"양식","count":4},
{"id":4,"gu_name":"종로구","dong_name":"평창동","Classification":"한식","count":52},
{"id":4,"gu_name":"종로구","dong_name":"평창동","Classification":"중식","count":12},
{"id":4,"gu_name":"종로구","dong_name":"평창동","Classification":"닭/오리요리","count":7},
{"id":4,"gu_name":"종로구","dong_name":"평창동","Classification":"커피점/카페","count":50},
{"id":4,"gu_name":"종로구","dong_name":"평창동","Classification":"편의점/슈퍼마켓","count":27},
{"id":4,"gu_name":"종로구","dong_name":"평창동","Classification":"일식/수산물","count":12},
{"id":4,"gu_name":"종로구","dong_name":"평창동","Classification":"제과제빵떡케익","count":8},
{"id":4,"gu_name":"종로구","dong_name":"평창동","Classification":"유흥주점","count":9},
{"id":4,"gu_name":"종로구","dong_name":"평창동","Classification":"분식","count":21},
{"id":4,"gu_name":"종로구","dong_name":"평창동","Classification":"패스트푸드","count":6},
{"id":4,"gu_name":"종로구","dong_name":"평창동","Classification":"별식/퓨전요리","count":0},
{"id":4,"gu_name":"종로구","dong_name":"평창동","Classification":"양식","count":0},
{"id":5,"gu_name":"종로구","dong_name":"무악동","Classification":"한식","count":19},
{"id":5,"gu_name":"종로구","dong_name":"무악동","Classification":"중식","count":3},
{"id":5,"gu_name":"종로구","dong_name":"무악동","Classification":"닭/오리요리","count":4},
{"id":5,"gu_name":"종로구","dong_name":"무악동","Classification":"커피점/카페","count":8},
{"id":5,"gu_name":"종로구","dong_name":"무악동","Classification":"편의점/슈퍼마켓","count":10},
{"id":5,"gu_name":"종로구","dong_name":"무악동","Classification":"일식/수산물","count":0},
{"id":5,"gu_name":"종로구","dong_name":"무악동","Classification":"제과제빵떡케익","count":5},
{"id":5,"gu_name":"종로구","dong_name":"무악동","Classification":"유흥주점","count":6},
{"id":5,"gu_name":"종로구","dong_name":"무악동","Classification":"분식","count":5},
{"id":5,"gu_name":"종로구","dong_name":"무악동","Classification":"패스트푸드","count":6},
{"id":5,"gu_name":"종로구","dong_name":"무악동","Classification":"별식/퓨전요리","count":3},
{"id":5,"gu_name":"종로구","dong_name":"무악동","Classification":"양식","count":0},
{"id":6,"gu_name":"종로구","dong_name":"교남동","Classification":"한식","count":50},
{"id":6,"gu_name":"종로구","dong_name":"교남동","Classification":"중식","count":4},
{"id":6,"gu_name":"종로구","dong_name":"교남동","Classification":"닭/오리요리","count":10},
{"id":6,"gu_name":"종로구","dong_name":"교남동","Classification":"커피점/카페","count":15},
{"id":6,"gu_name":"종로구","dong_name":"교남동","Classification":"편의점/슈퍼마켓","count":19},
{"id":6,"gu_name":"종로구","dong_name":"교남동","Classification":"일식/수산물","count":5},
{"id":6,"gu_name":"종로구","dong_name":"교남동","Classification":"제과제빵떡케익","count":5},
{"id":6,"gu_name":"종로구","dong_name":"교남동","Classification":"유흥주점","count":11},
{"id":6,"gu_name":"종로구","dong_name":"교남동","Classification":"분식","count":12},
{"id":6,"gu_name":"종로구","dong_name":"교남동","Classification":"패스트푸드","count":3},
{"id":6,"gu_name":"종로구","dong_name":"교남동","Classification":"별식/퓨전요리","count":2},
{"id":6,"gu_name":"종로구","dong_name":"교남동","Classification":"양식","count":1},
{"id":7,"gu_name":"종로구","dong_name":"가회동","Classification":"한식","count":60},
{"id":7,"gu_name":"종로구","dong_name":"가회동","Classification":"중식","count":1},
{"id":7,"gu_name":"종로구","dong_name":"가회동","Classification":"닭/오리요리","count":9},
{"id":7,"gu_name":"종로구","dong_name":"가회동","Classification":"커피점/카페","count":65},
{"id":7,"gu_name":"종로구","dong_name":"가회동","Classification":"편의점/슈퍼마켓","count":11},
{"id":7,"gu_name":"종로구","dong_name":"가회동","Classification":"일식/수산물","count":8},
{"id":7,"gu_name":"종로구","dong_name":"가회동","Classification":"제과제빵떡케익","count":5},
{"id":7,"gu_name":"종로구","dong_name":"가회동","Classification":"유흥주점","count":6},
{"id":7,"gu_name":"종로구","dong_name":"가회동","Classification":"분식","count":24},
{"id":7,"gu_name":"종로구","dong_name":"가회동","Classification":"패스트푸드","count":5},
{"id":7,"gu_name":"종로구","dong_name":"가회동","Classification":"별식/퓨전요리","count":2},
{"id":7,"gu_name":"종로구","dong_name":"가회동","Classification":"양식","count":4},
{"id":8,"gu_name":"종로구","dong_name":"종로1.2.3.4가동","Classification":"한식","count":629},
{"id":8,"gu_name":"종로구","dong_name":"종로1.2.3.4가동","Classification":"중식","count":26},
{"id":8,"gu_name":"종로구","dong_name":"종로1.2.3.4가동","Classification":"닭/오리요리","count":50},
{"id":8,"gu_name":"종로구","dong_name":"종로1.2.3.4가동","Classification":"커피점/카페","count":344},
{"id":8,"gu_name":"종로구","dong_name":"종로1.2.3.4가동","Classification":"편의점/슈퍼마켓","count":108},
{"id":8,"gu_name":"종로구","dong_name":"종로1.2.3.4가동","Classification":"일식/수산물","count":106},
{"id":8,"gu_name":"종로구","dong_name":"종로1.2.3.4가동","Classification":"제과제빵떡케익","count":33},
{"id":8,"gu_name":"종로구","dong_name":"종로1.2.3.4가동","Classification":"유흥주점","count":154},
{"id":8,"gu_name":"종로구","dong_name":"종로1.2.3.4가동","Classification":"분식","count":165},
{"id":8,"gu_name":"종로구","dong_name":"종로1.2.3.4가동","Classification":"패스트푸드","count":22},
{"id":8,"gu_name":"종로구","dong_name":"종로1.2.3.4가동","Classification":"별식/퓨전요리","count":33},
{"id":8,"gu_name":"종로구","dong_name":"종로1.2.3.4가동","Classification":"양식","count":21},
{"id":9,"gu_name":"종로구","dong_name":"종로5·6가동","Classification":"한식","count":180},
{"id":9,"gu_name":"종로구","dong_name":"종로5·6가동","Classification":"중식","count":6},
{"id":9,"gu_name":"종로구","dong_name":"종로5·6가동","Classification":"닭/오리요리","count":19},
{"id":9,"gu_name":"종로구","dong_name":"종로5·6가동","Classification":"커피점/카페","count":52},
{"id":9,"gu_name":"종로구","dong_name":"종로5·6가동","Classification":"편의점/슈퍼마켓","count":34},
{"id":9,"gu_name":"종로구","dong_name":"종로5·6가동","Classification":"일식/수산물","count":8},
{"id":9,"gu_name":"종로구","dong_name":"종로5·6가동","Classification":"제과제빵떡케익","count":10},
{"id":9,"gu_name":"종로구","dong_name":"종로5·6가동","Classification":"유흥주점","count":27},
{"id":9,"gu_name":"종로구","dong_name":"종로5·6가동","Classification":"분식","count":47},
{"id":9,"gu_name":"종로구","dong_name":"종로5·6가동","Classification":"패스트푸드","count":10},
{"id":9,"gu_name":"종로구","dong_name":"종로5·6가동","Classification":"별식/퓨전요리","count":11},
{"id":9,"gu_name":"종로구","dong_name":"종로5·6가동","Classification":"양식","count":1},
{"id":10,"gu_name":"종로구","dong_name":"이화동","Classification":"한식","count":105},
{"id":10,"gu_name":"종로구","dong_name":"이화동","Classification":"중식","count":5},
{"id":10,"gu_name":"종로구","dong_name":"이화동","Classification":"닭/오리요리","count":11},
{"id":10,"gu_name":"종로구","dong_name":"이화동","Classification":"커피점/카페","count":107},
{"id":10,"gu_name":"종로구","dong_name":"이화동","Classification":"편의점/슈퍼마켓","count":28},
{"id":10,"gu_name":"종로구","dong_name":"이화동","Classification":"일식/수산물","count":24},
{"id":10,"gu_name":"종로구","dong_name":"이화동","Classification":"제과제빵떡케익","count":8},
{"id":10,"gu_name":"종로구","dong_name":"이화동","Classification":"유흥주점","count":26},
{"id":10,"gu_name":"종로구","dong_name":"이화동","Classification":"분식","count":32},
{"id":10,"gu_name":"종로구","dong_name":"이화동","Classification":"패스트푸드","count":17},
{"id":10,"gu_name":"종로구","dong_name":"이화동","Classification":"별식/퓨전요리","count":7},
{"id":10,"gu_name":"종로구","dong_name":"이화동","Classification":"양식","count":5},
{"id":11,"gu_name":"종로구","dong_name":"창신1동","Classification":"한식","count":50},
{"id":11,"gu_name":"종로구","dong_name":"창신1동","Classification":"중식","count":8},
{"id":11,"gu_name":"종로구","dong_name":"창신1동","Classification":"닭/오리요리","count":10},
{"id":11,"gu_name":"종로구","dong_name":"창신1동","Classification":"커피점/카페","count":25},
{"id":11,"gu_name":"종로구","dong_name":"창신1동","Classification":"편의점/슈퍼마켓","count":11},
{"id":11,"gu_name":"종로구","dong_name":"창신1동","Classification":"일식/수산물","count":12},
{"id":11,"gu_name":"종로구","dong_name":"창신1동","Classification":"제과제빵떡케익","count":6},
{"id":11,"gu_name":"종로구","dong_name":"창신1동","Classification":"유흥주점","count":9},
{"id":11,"gu_name":"종로구","dong_name":"창신1동","Classification":"분식","count":18},
{"id":11,"gu_name":"종로구","dong_name":"창신1동","Classification":"패스트푸드","count":2},
{"id":11,"gu_name":"종로구","dong_name":"창신1동","Classification":"별식/퓨전요리","count":4},
{"id":11,"gu_name":"종로구","dong_name":"창신1동","Classification":"양식","count":0},
{"id":12,"gu_name":"종로구","dong_name":"창신2동","Classification":"한식","count":31},
{"id":12,"gu_name":"종로구","dong_name":"창신2동","Classification":"중식","count":2},
{"id":12,"gu_name":"종로구","dong_name":"창신2동","Classification":"닭/오리요리","count":8},
{"id":12,"gu_name":"종로구","dong_name":"창신2동","Classification":"커피점/카페","count":7},
{"id":12,"gu_name":"종로구","dong_name":"창신2동","Classification":"편의점/슈퍼마켓","count":8},
{"id":12,"gu_name":"종로구","dong_name":"창신2동","Classification":"일식/수산물","count":4},
{"id":12,"gu_name":"종로구","dong_name":"창신2동","Classification":"제과제빵떡케익","count":3},
{"id":12,"gu_name":"종로구","dong_name":"창신2동","Classification":"유흥주점","count":7},
{"id":12,"gu_name":"종로구","dong_name":"창신2동","Classification":"분식","count":14},
{"id":12,"gu_name":"종로구","dong_name":"창신2동","Classification":"패스트푸드","count":1},
{"id":12,"gu_name":"종로구","dong_name":"창신2동","Classification":"별식/퓨전요리","count":1},
{"id":12,"gu_name":"종로구","dong_name":"창신2동","Classification":"양식","count":0},
{"id":13,"gu_name":"종로구","dong_name":"창신3동","Classification":"한식","count":8},
{"id":13,"gu_name":"종로구","dong_name":"창신3동","Classification":"중식","count":0},
{"id":13,"gu_name":"종로구","dong_name":"창신3동","Classification":"닭/오리요리","count":2},
{"id":13,"gu_name":"종로구","dong_name":"창신3동","Classification":"커피점/카페","count":3},
{"id":13,"gu_name":"종로구","dong_name":"창신3동","Classification":"편의점/슈퍼마켓","count":5},
{"id":13,"gu_name":"종로구","dong_name":"창신3동","Classification":"일식/수산물","count":0},
{"id":13,"gu_name":"종로구","dong_name":"창신3동","Classification":"제과제빵떡케익","count":3},
{"id":13,"gu_name":"종로구","dong_name":"창신3동","Classification":"유흥주점","count":1},
{"id":13,"gu_name":"종로구","dong_name":"창신3동","Classification":"분식","count":1},
{"id":13,"gu_name":"종로구","dong_name":"창신3동","Classification":"패스트푸드","count":0},
{"id":13,"gu_name":"종로구","dong_name":"창신3동","Classification":"별식/퓨전요리","count":2},
{"id":13,"gu_name":"종로구","dong_name":"창신3동","Classification":"양식","count":0},
{"id":14,"gu_name":"종로구","dong_name":"숭인1동","Classification":"한식","count":26},
{"id":14,"gu_name":"종로구","dong_name":"숭인1동","Classification":"중식","count":0},
{"id":14,"gu_name":"종로구","dong_name":"숭인1동","Classification":"닭/오리요리","count":4},
{"id":14,"gu_name":"종로구","dong_name":"숭인1동","Classification":"커피점/카페","count":4},
{"id":14,"gu_name":"종로구","dong_name":"숭인1동","Classification":"편의점/슈퍼마켓","count":10},
{"id":14,"gu_name":"종로구","dong_name":"숭인1동","Classification":"일식/수산물","count":4},
{"id":14,"gu_name":"종로구","dong_name":"숭인1동","Classification":"제과제빵떡케익","count":2},
{"id":14,"gu_name":"종로구","dong_name":"숭인1동","Classification":"유흥주점","count":6},
{"id":14,"gu_name":"종로구","dong_name":"숭인1동","Classification":"분식","count":7},
{"id":14,"gu_name":"종로구","dong_name":"숭인1동","Classification":"패스트푸드","count":4},
{"id":14,"gu_name":"종로구","dong_name":"숭인1동","Classification":"별식/퓨전요리","count":4},
{"id":14,"gu_name":"종로구","dong_name":"숭인1동","Classification":"양식","count":1},
{"id":15,"gu_name":"종로구","dong_name":"숭인2동","Classification":"한식","count":60},
{"id":15,"gu_name":"종로구","dong_name":"숭인2동","Classification":"중식","count":3},
{"id":15,"gu_name":"종로구","dong_name":"숭인2동","Classification":"닭/오리요리","count":12},
{"id":15,"gu_name":"종로구","dong_name":"숭인2동","Classification":"커피점/카페","count":20},
{"id":15,"gu_name":"종로구","dong_name":"숭인2동","Classification":"편의점/슈퍼마켓","count":33},
{"id":15,"gu_name":"종로구","dong_name":"숭인2동","Classification":"일식/수산물","count":8},
{"id":15,"gu_name":"종로구","dong_name":"숭인2동","Classification":"제과제빵떡케익","count":4},
{"id":15,"gu_name":"종로구","dong_name":"숭인2동","Classification":"유흥주점","count":15},
{"id":15,"gu_name":"종로구","dong_name":"숭인2동","Classification":"분식","count":16},
{"id":15,"gu_name":"종로구","dong_name":"숭인2동","Classification":"패스트푸드","count":5},
{"id":15,"gu_name":"종로구","dong_name":"숭인2동","Classification":"별식/퓨전요리","count":3},
{"id":15,"gu_name":"종로구","dong_name":"숭인2동","Classification":"양식","count":0},
{"id":16,"gu_name":"종로구","dong_name":"청운효자동","Classification":"한식","count":75},
{"id":16,"gu_name":"종로구","dong_name":"청운효자동","Classification":"중식","count":3},
{"id":16,"gu_name":"종로구","dong_name":"청운효자동","Classification":"닭/오리요리","count":6},
{"id":16,"gu_name":"종로구","dong_name":"청운효자동","Classification":"커피점/카페","count":52},
{"id":16,"gu_name":"종로구","dong_name":"청운효자동","Classification":"편의점/슈퍼마켓","count":14},
{"id":16,"gu_name":"종로구","dong_name":"청운효자동","Classification":"일식/수산물","count":5},
{"id":16,"gu_name":"종로구","dong_name":"청운효자동","Classification":"제과제빵떡케익","count":8},
{"id":16,"gu_name":"종로구","dong_name":"청운효자동","Classification":"유흥주점","count":11},
{"id":16,"gu_name":"종로구","dong_name":"청운효자동","Classification":"분식","count":26},
{"id":16,"gu_name":"종로구","dong_name":"청운효자동","Classification":"패스트푸드","count":6},
{"id":16,"gu_name":"종로구","dong_name":"청운효자동","Classification":"별식/퓨전요리","count":0},
{"id":16,"gu_name":"종로구","dong_name":"청운효자동","Classification":"양식","count":1},
{"id":17,"gu_name":"종로구","dong_name":"혜화동","Classification":"한식","count":128},
{"id":17,"gu_name":"종로구","dong_name":"혜화동","Classification":"중식","count":8},
{"id":17,"gu_name":"종로구","dong_name":"혜화동","Classification":"닭/오리요리","count":20},
{"id":17,"gu_name":"종로구","dong_name":"혜화동","Classification":"커피점/카페","count":110},
{"id":17,"gu_name":"종로구","dong_name":"혜화동","Classification":"편의점/슈퍼마켓","count":37},
{"id":17,"gu_name":"종로구","dong_name":"혜화동","Classification":"일식/수산물","count":23},
{"id":17,"gu_name":"종로구","dong_name":"혜화동","Classification":"제과제빵떡케익","count":11},
{"id":17,"gu_name":"종로구","dong_name":"혜화동","Classification":"유흥주점","count":50},
{"id":17,"gu_name":"종로구","dong_name":"혜화동","Classification":"분식","count":60},
{"id":17,"gu_name":"종로구","dong_name":"혜화동","Classification":"패스트푸드","count":21},
{"id":17,"gu_name":"종로구","dong_name":"혜화동","Classification":"별식/퓨전요리","count":7},
{"id":17,"gu_name":"종로구","dong_name":"혜화동","Classification":"양식","count":8},
{"id":158,"gu_name":"노원구","dong_name":"월계1동","Classification":"한식","count":103},
{"id":158,"gu_name":"노원구","dong_name":"월계1동","Classification":"중식","count":5},
{"id":158,"gu_name":"노원구","dong_name":"월계1동","Classification":"닭/오리요리","count":20},
{"id":158,"gu_name":"노원구","dong_name":"월계1동","Classification":"커피점/카페","count":41},
{"id":158,"gu_name":"노원구","dong_name":"월계1동","Classification":"편의점/슈퍼마켓","count":47},
{"id":158,"gu_name":"노원구","dong_name":"월계1동","Classification":"일식/수산물","count":23},
{"id":158,"gu_name":"노원구","dong_name":"월계1동","Classification":"제과제빵떡케익","count":17},
{"id":158,"gu_name":"노원구","dong_name":"월계1동","Classification":"유흥주점","count":34},
{"id":158,"gu_name":"노원구","dong_name":"월계1동","Classification":"분식","count":37},
{"id":158,"gu_name":"노원구","dong_name":"월계1동","Classification":"패스트푸드","count":14},
{"id":158,"gu_name":"노원구","dong_name":"월계1동","Classification":"별식/퓨전요리","count":4},
{"id":158,"gu_name":"노원구","dong_name":"월계1동","Classification":"양식","count":0},
{"id":159,"gu_name":"노원구","dong_name":"월계2동","Classification":"한식","count":31},
{"id":159,"gu_name":"노원구","dong_name":"월계2동","Classification":"중식","count":8},
{"id":159,"gu_name":"노원구","dong_name":"월계2동","Classification":"닭/오리요리","count":16},
{"id":159,"gu_name":"노원구","dong_name":"월계2동","Classification":"커피점/카페","count":16},
{"id":159,"gu_name":"노원구","dong_name":"월계2동","Classification":"편의점/슈퍼마켓","count":38},
{"id":159,"gu_name":"노원구","dong_name":"월계2동","Classification":"일식/수산물","count":2},
{"id":159,"gu_name":"노원구","dong_name":"월계2동","Classification":"제과제빵떡케익","count":4},
{"id":159,"gu_name":"노원구","dong_name":"월계2동","Classification":"유흥주점","count":8},
{"id":159,"gu_name":"노원구","dong_name":"월계2동","Classification":"분식","count":17},
{"id":159,"gu_name":"노원구","dong_name":"월계2동","Classification":"패스트푸드","count":8},
{"id":159,"gu_name":"노원구","dong_name":"월계2동","Classification":"별식/퓨전요리","count":2},
{"id":159,"gu_name":"노원구","dong_name":"월계2동","Classification":"양식","count":2},
{"id":160,"gu_name":"노원구","dong_name":"월계3동","Classification":"한식","count":17},
{"id":160,"gu_name":"노원구","dong_name":"월계3동","Classification":"중식","count":1},
{"id":160,"gu_name":"노원구","dong_name":"월계3동","Classification":"닭/오리요리","count":9},
{"id":160,"gu_name":"노원구","dong_name":"월계3동","Classification":"커피점/카페","count":13},
{"id":160,"gu_name":"노원구","dong_name":"월계3동","Classification":"편의점/슈퍼마켓","count":25},
{"id":160,"gu_name":"노원구","dong_name":"월계3동","Classification":"일식/수산물","count":1},
{"id":160,"gu_name":"노원구","dong_name":"월계3동","Classification":"제과제빵떡케익","count":14},
{"id":160,"gu_name":"노원구","dong_name":"월계3동","Classification":"유흥주점","count":7},
{"id":160,"gu_name":"노원구","dong_name":"월계3동","Classification":"분식","count":10},
{"id":160,"gu_name":"노원구","dong_name":"월계3동","Classification":"패스트푸드","count":12},
{"id":160,"gu_name":"노원구","dong_name":"월계3동","Classification":"별식/퓨전요리","count":0},
{"id":160,"gu_name":"노원구","dong_name":"월계3동","Classification":"양식","count":3},
{"id":161,"gu_name":"노원구","dong_name":"공릉2동","Classification":"한식","count":86},
{"id":161,"gu_name":"노원구","dong_name":"공릉2동","Classification":"중식","count":2},
{"id":161,"gu_name":"노원구","dong_name":"공릉2동","Classification":"닭/오리요리","count":20},
{"id":161,"gu_name":"노원구","dong_name":"공릉2동","Classification":"커피점/카페","count":67},
{"id":161,"gu_name":"노원구","dong_name":"공릉2동","Classification":"편의점/슈퍼마켓","count":49},
{"id":161,"gu_name":"노원구","dong_name":"공릉2동","Classification":"일식/수산물","count":13},
{"id":161,"gu_name":"노원구","dong_name":"공릉2동","Classification":"제과제빵떡케익","count":18},
{"id":161,"gu_name":"노원구","dong_name":"공릉2동","Classification":"유흥주점","count":25},
{"id":161,"gu_name":"노원구","dong_name":"공릉2동","Classification":"분식","count":44},
{"id":161,"gu_name":"노원구","dong_name":"공릉2동","Classification":"패스트푸드","count":16},
{"id":161,"gu_name":"노원구","dong_name":"공릉2동","Classification":"별식/퓨전요리","count":6},
{"id":161,"gu_name":"노원구","dong_name":"공릉2동","Classification":"양식","count":2},
{"id":162,"gu_name":"노원구","dong_name":"하계1동","Classification":"한식","count":58},
{"id":162,"gu_name":"노원구","dong_name":"하계1동","Classification":"중식","count":3},
{"id":162,"gu_name":"노원구","dong_name":"하계1동","Classification":"닭/오리요리","count":11},
{"id":162,"gu_name":"노원구","dong_name":"하계1동","Classification":"커피점/카페","count":27},
{"id":162,"gu_name":"노원구","dong_name":"하계1동","Classification":"편의점/슈퍼마켓","count":27},
{"id":162,"gu_name":"노원구","dong_name":"하계1동","Classification":"일식/수산물","count":12},
{"id":162,"gu_name":"노원구","dong_name":"하계1동","Classification":"제과제빵떡케익","count":4},
{"id":162,"gu_name":"노원구","dong_name":"하계1동","Classification":"유흥주점","count":12},
{"id":162,"gu_name":"노원구","dong_name":"하계1동","Classification":"분식","count":15},
{"id":162,"gu_name":"노원구","dong_name":"하계1동","Classification":"패스트푸드","count":4},
{"id":162,"gu_name":"노원구","dong_name":"하계1동","Classification":"별식/퓨전요리","count":1},
{"id":162,"gu_name":"노원구","dong_name":"하계1동","Classification":"양식","count":3},
{"id":163,"gu_name":"노원구","dong_name":"하계2동","Classification":"한식","count":8},
{"id":163,"gu_name":"노원구","dong_name":"하계2동","Classification":"중식","count":2},
{"id":163,"gu_name":"노원구","dong_name":"하계2동","Classification":"닭/오리요리","count":5},
{"id":163,"gu_name":"노원구","dong_name":"하계2동","Classification":"커피점/카페","count":2},
{"id":163,"gu_name":"노원구","dong_name":"하계2동","Classification":"편의점/슈퍼마켓","count":10},
{"id":163,"gu_name":"노원구","dong_name":"하계2동","Classification":"일식/수산물","count":0},
{"id":163,"gu_name":"노원구","dong_name":"하계2동","Classification":"제과제빵떡케익","count":4},
{"id":163,"gu_name":"노원구","dong_name":"하계2동","Classification":"유흥주점","count":1},
{"id":163,"gu_name":"노원구","dong_name":"하계2동","Classification":"분식","count":7},
{"id":163,"gu_name":"노원구","dong_name":"하계2동","Classification":"패스트푸드","count":3},
{"id":163,"gu_name":"노원구","dong_name":"하계2동","Classification":"별식/퓨전요리","count":0},
{"id":163,"gu_name":"노원구","dong_name":"하계2동","Classification":"양식","count":0},
{"id":164,"gu_name":"노원구","dong_name":"중계본동","Classification":"한식","count":49},
{"id":164,"gu_name":"노원구","dong_name":"중계본동","Classification":"중식","count":3},
{"id":164,"gu_name":"노원구","dong_name":"중계본동","Classification":"닭/오리요리","count":12},
{"id":164,"gu_name":"노원구","dong_name":"중계본동","Classification":"커피점/카페","count":33},
{"id":164,"gu_name":"노원구","dong_name":"중계본동","Classification":"편의점/슈퍼마켓","count":24},
{"id":164,"gu_name":"노원구","dong_name":"중계본동","Classification":"일식/수산물","count":6},
{"id":164,"gu_name":"노원구","dong_name":"중계본동","Classification":"제과제빵떡케익","count":10},
{"id":164,"gu_name":"노원구","dong_name":"중계본동","Classification":"유흥주점","count":11},
{"id":164,"gu_name":"노원구","dong_name":"중계본동","Classification":"분식","count":24},
{"id":164,"gu_name":"노원구","dong_name":"중계본동","Classification":"패스트푸드","count":5},
{"id":164,"gu_name":"노원구","dong_name":"중계본동","Classification":"별식/퓨전요리","count":0},
{"id":164,"gu_name":"노원구","dong_name":"중계본동","Classification":"양식","count":3},
{"id":165,"gu_name":"노원구","dong_name":"중계1동","Classification":"한식","count":15},
{"id":165,"gu_name":"노원구","dong_name":"중계1동","Classification":"중식","count":2},
{"id":165,"gu_name":"노원구","dong_name":"중계1동","Classification":"닭/오리요리","count":9},
{"id":165,"gu_name":"노원구","dong_name":"중계1동","Classification":"커피점/카페","count":21},
{"id":165,"gu_name":"노원구","dong_name":"중계1동","Classification":"편의점/슈퍼마켓","count":18},
{"id":165,"gu_name":"노원구","dong_name":"중계1동","Classification":"일식/수산물","count":6},
{"id":165,"gu_name":"노원구","dong_name":"중계1동","Classification":"제과제빵떡케익","count":4},
{"id":165,"gu_name":"노원구","dong_name":"중계1동","Classification":"유흥주점","count":7},
{"id":165,"gu_name":"노원구","dong_name":"중계1동","Classification":"분식","count":9},
{"id":165,"gu_name":"노원구","dong_name":"중계1동","Classification":"패스트푸드","count":15},
{"id":165,"gu_name":"노원구","dong_name":"중계1동","Classification":"별식/퓨전요리","count":5},
{"id":165,"gu_name":"노원구","dong_name":"중계1동","Classification":"양식","count":1},
{"id":166,"gu_name":"노원구","dong_name":"중계4동","Classification":"한식","count":67},
{"id":166,"gu_name":"노원구","dong_name":"중계4동","Classification":"중식","count":5},
{"id":166,"gu_name":"노원구","dong_name":"중계4동","Classification":"닭/오리요리","count":25},
{"id":166,"gu_name":"노원구","dong_name":"중계4동","Classification":"커피점/카페","count":21},
{"id":166,"gu_name":"노원구","dong_name":"중계4동","Classification":"편의점/슈퍼마켓","count":21},
{"id":166,"gu_name":"노원구","dong_name":"중계4동","Classification":"일식/수산물","count":11},
{"id":166,"gu_name":"노원구","dong_name":"중계4동","Classification":"제과제빵떡케익","count":13},
{"id":166,"gu_name":"노원구","dong_name":"중계4동","Classification":"유흥주점","count":24},
{"id":166,"gu_name":"노원구","dong_name":"중계4동","Classification":"분식","count":31},
{"id":166,"gu_name":"노원구","dong_name":"중계4동","Classification":"패스트푸드","count":13},
{"id":166,"gu_name":"노원구","dong_name":"중계4동","Classification":"별식/퓨전요리","count":4},
{"id":166,"gu_name":"노원구","dong_name":"중계4동","Classification":"양식","count":0},
{"id":167,"gu_name":"노원구","dong_name":"상계1동","Classification":"한식","count":109},
{"id":167,"gu_name":"노원구","dong_name":"상계1동","Classification":"중식","count":10},
{"id":167,"gu_name":"노원구","dong_name":"상계1동","Classification":"닭/오리요리","count":31},
{"id":167,"gu_name":"노원구","dong_name":"상계1동","Classification":"커피점/카페","count":43},
{"id":167,"gu_name":"노원구","dong_name":"상계1동","Classification":"편의점/슈퍼마켓","count":55},
{"id":167,"gu_name":"노원구","dong_name":"상계1동","Classification":"일식/수산물","count":20},
{"id":167,"gu_name":"노원구","dong_name":"상계1동","Classification":"제과제빵떡케익","count":16},
{"id":167,"gu_name":"노원구","dong_name":"상계1동","Classification":"유흥주점","count":44},
{"id":167,"gu_name":"노원구","dong_name":"상계1동","Classification":"분식","count":32},
{"id":167,"gu_name":"노원구","dong_name":"상계1동","Classification":"패스트푸드","count":6},
{"id":167,"gu_name":"노원구","dong_name":"상계1동","Classification":"별식/퓨전요리","count":7},
{"id":167,"gu_name":"노원구","dong_name":"상계1동","Classification":"양식","count":2},
{"id":168,"gu_name":"노원구","dong_name":"상계2동","Classification":"한식","count":140},
{"id":168,"gu_name":"노원구","dong_name":"상계2동","Classification":"중식","count":12},
{"id":168,"gu_name":"노원구","dong_name":"상계2동","Classification":"닭/오리요리","count":28},
{"id":168,"gu_name":"노원구","dong_name":"상계2동","Classification":"커피점/카페","count":74},
{"id":168,"gu_name":"노원구","dong_name":"상계2동","Classification":"편의점/슈퍼마켓","count":24},
{"id":168,"gu_name":"노원구","dong_name":"상계2동","Classification":"일식/수산물","count":33},
{"id":168,"gu_name":"노원구","dong_name":"상계2동","Classification":"제과제빵떡케익","count":23},
{"id":168,"gu_name":"노원구","dong_name":"상계2동","Classification":"유흥주점","count":86},
{"id":168,"gu_name":"노원구","dong_name":"상계2동","Classification":"분식","count":42},
{"id":168,"gu_name":"노원구","dong_name":"상계2동","Classification":"패스트푸드","count":28},
{"id":168,"gu_name":"노원구","dong_name":"상계2동","Classification":"별식/퓨전요리","count":6},
{"id":168,"gu_name":"노원구","dong_name":"상계2동","Classification":"양식","count":4},
{"id":169,"gu_name":"노원구","dong_name":"상계5동","Classification":"한식","count":54},
{"id":169,"gu_name":"노원구","dong_name":"상계5동","Classification":"중식","count":4},
{"id":169,"gu_name":"노원구","dong_name":"상계5동","Classification":"닭/오리요리","count":15},
{"id":169,"gu_name":"노원구","dong_name":"상계5동","Classification":"커피점/카페","count":16},
{"id":169,"gu_name":"노원구","dong_name":"상계5동","Classification":"편의점/슈퍼마켓","count":18},
{"id":169,"gu_name":"노원구","dong_name":"상계5동","Classification":"일식/수산물","count":7},
{"id":169,"gu_name":"노원구","dong_name":"상계5동","Classification":"제과제빵떡케익","count":10},
{"id":169,"gu_name":"노원구","dong_name":"상계5동","Classification":"유흥주점","count":31},
{"id":169,"gu_name":"노원구","dong_name":"상계5동","Classification":"분식","count":23},
{"id":169,"gu_name":"노원구","dong_name":"상계5동","Classification":"패스트푸드","count":6},
{"id":169,"gu_name":"노원구","dong_name":"상계5동","Classification":"별식/퓨전요리","count":4},
{"id":169,"gu_name":"노원구","dong_name":"상계5동","Classification":"양식","count":2},
{"id":170,"gu_name":"노원구","dong_name":"상계8동","Classification":"한식","count":22},
{"id":170,"gu_name":"노원구","dong_name":"상계8동","Classification":"중식","count":1},
{"id":170,"gu_name":"노원구","dong_name":"상계8동","Classification":"닭/오리요리","count":11},
{"id":170,"gu_name":"노원구","dong_name":"상계8동","Classification":"커피점/카페","count":12},
{"id":170,"gu_name":"노원구","dong_name":"상계8동","Classification":"편의점/슈퍼마켓","count":13},
{"id":170,"gu_name":"노원구","dong_name":"상계8동","Classification":"일식/수산물","count":5},
{"id":170,"gu_name":"노원구","dong_name":"상계8동","Classification":"제과제빵떡케익","count":7},
{"id":170,"gu_name":"노원구","dong_name":"상계8동","Classification":"유흥주점","count":7},
{"id":170,"gu_name":"노원구","dong_name":"상계8동","Classification":"분식","count":5},
{"id":170,"gu_name":"노원구","dong_name":"상계8동","Classification":"패스트푸드","count":8},
{"id":170,"gu_name":"노원구","dong_name":"상계8동","Classification":"별식/퓨전요리","count":0},
{"id":170,"gu_name":"노원구","dong_name":"상계8동","Classification":"양식","count":4},
{"id":171,"gu_name":"노원구","dong_name":"상계9동","Classification":"한식","count":6},
{"id":171,"gu_name":"노원구","dong_name":"상계9동","Classification":"중식","count":0},
{"id":171,"gu_name":"노원구","dong_name":"상계9동","Classification":"닭/오리요리","count":5},
{"id":171,"gu_name":"노원구","dong_name":"상계9동","Classification":"커피점/카페","count":7},
{"id":171,"gu_name":"노원구","dong_name":"상계9동","Classification":"편의점/슈퍼마켓","count":11},
{"id":171,"gu_name":"노원구","dong_name":"상계9동","Classification":"일식/수산물","count":2},
{"id":171,"gu_name":"노원구","dong_name":"상계9동","Classification":"제과제빵떡케익","count":7},
{"id":171,"gu_name":"노원구","dong_name":"상계9동","Classification":"유흥주점","count":5},
{"id":171,"gu_name":"노원구","dong_name":"상계9동","Classification":"분식","count":9},
{"id":171,"gu_name":"노원구","dong_name":"상계9동","Classification":"패스트푸드","count":5},
{"id":171,"gu_name":"노원구","dong_name":"상계9동","Classification":"별식/퓨전요리","count":1},
{"id":171,"gu_name":"노원구","dong_name":"상계9동","Classification":"양식","count":1},
{"id":171,"gu_name":"노원구","dong_name":"상계9동","Classification":"한식","count":3},
{"id":172,"gu_name":"노원구","dong_name":"상계10동","Classification":"중식","count":1},
{"id":172,"gu_name":"노원구","dong_name":"상계10동","Classification":"닭/오리요리","count":1},
{"id":172,"gu_name":"노원구","dong_name":"상계10동","Classification":"커피점/카페","count":11},
{"id":172,"gu_name":"노원구","dong_name":"상계10동","Classification":"편의점/슈퍼마켓","count":5},
{"id":172,"gu_name":"노원구","dong_name":"상계10동","Classification":"일식/수산물","count":0},
{"id":172,"gu_name":"노원구","dong_name":"상계10동","Classification":"제과제빵떡케익","count":2},
{"id":172,"gu_name":"노원구","dong_name":"상계10동","Classification":"유흥주점","count":5},
{"id":172,"gu_name":"노원구","dong_name":"상계10동","Classification":"분식","count":4},
{"id":172,"gu_name":"노원구","dong_name":"상계10동","Classification":"패스트푸드","count":2},
{"id":172,"gu_name":"노원구","dong_name":"상계10동","Classification":"별식/퓨전요리","count":1},
{"id":172,"gu_name":"노원구","dong_name":"상계10동","Classification":"양식","count":0},
{"id":173,"gu_name":"노원구","dong_name":"상계3.4동","Classification":"한식","count":76},
{"id":173,"gu_name":"노원구","dong_name":"상계3.4동","Classification":"중식","count":1},
{"id":173,"gu_name":"노원구","dong_name":"상계3.4동","Classification":"닭/오리요리","count":21},
{"id":173,"gu_name":"노원구","dong_name":"상계3.4동","Classification":"커피점/카페","count":18},
{"id":173,"gu_name":"노원구","dong_name":"상계3.4동","Classification":"편의점/슈퍼마켓","count":29},
{"id":173,"gu_name":"노원구","dong_name":"상계3.4동","Classification":"일식/수산물","count":9},
{"id":173,"gu_name":"노원구","dong_name":"상계3.4동","Classification":"제과제빵떡케익","count":9},
{"id":173,"gu_name":"노원구","dong_name":"상계3.4동","Classification":"유흥주점","count":31},
{"id":173,"gu_name":"노원구","dong_name":"상계3.4동","Classification":"분식","count":23},
{"id":173,"gu_name":"노원구","dong_name":"상계3.4동","Classification":"패스트푸드","count":6},
{"id":173,"gu_name":"노원구","dong_name":"상계3.4동","Classification":"별식/퓨전요리","count":3},
{"id":173,"gu_name":"노원구","dong_name":"상계3.4동","Classification":"양식","count":1},
{"id":174,"gu_name":"노원구","dong_name":"상계6.7동","Classification":"한식","count":83},
{"id":174,"gu_name":"노원구","dong_name":"상계6.7동","Classification":"중식","count":7},
{"id":174,"gu_name":"노원구","dong_name":"상계6.7동","Classification":"닭/오리요리","count":30},
{"id":174,"gu_name":"노원구","dong_name":"상계6.7동","Classification":"커피점/카페","count":30},
{"id":174,"gu_name":"노원구","dong_name":"상계6.7동","Classification":"편의점/슈퍼마켓","count":43},
{"id":174,"gu_name":"노원구","dong_name":"상계6.7동","Classification":"일식/수산물","count":28},
{"id":174,"gu_name":"노원구","dong_name":"상계6.7동","Classification":"제과제빵떡케익","count":19},
{"id":174,"gu_name":"노원구","dong_name":"상계6.7동","Classification":"유흥주점","count":17},
{"id":174,"gu_name":"노원구","dong_name":"상계6.7동","Classification":"분식","count":33},
{"id":174,"gu_name":"노원구","dong_name":"상계6.7동","Classification":"패스트푸드","count":14},
{"id":174,"gu_name":"노원구","dong_name":"상계6.7동","Classification":"별식/퓨전요리","count":3},
{"id":174,"gu_name":"노원구","dong_name":"상계6.7동","Classification":"양식","count":6},
{"id":175,"gu_name":"노원구","dong_name":"중계2.3동","Classification":"한식","count":51},
{"id":175,"gu_name":"노원구","dong_name":"중계2.3동","Classification":"중식","count":15},
{"id":175,"gu_name":"노원구","dong_name":"중계2.3동","Classification":"닭/오리요리","count":32},
{"id":175,"gu_name":"노원구","dong_name":"중계2.3동","Classification":"커피점/카페","count":32},
{"id":175,"gu_name":"노원구","dong_name":"중계2.3동","Classification":"편의점/슈퍼마켓","count":35},
{"id":175,"gu_name":"노원구","dong_name":"중계2.3동","Classification":"일식/수산물","count":16},
{"id":175,"gu_name":"노원구","dong_name":"중계2.3동","Classification":"제과제빵떡케익","count":18},
{"id":175,"gu_name":"노원구","dong_name":"중계2.3동","Classification":"유흥주점","count":24},
{"id":175,"gu_name":"노원구","dong_name":"중계2.3동","Classification":"분식","count":36},
{"id":175,"gu_name":"노원구","dong_name":"중계2.3동","Classification":"패스트푸드","count":14},
{"id":175,"gu_name":"노원구","dong_name":"중계2.3동","Classification":"별식/퓨전요리","count":8},
{"id":175,"gu_name":"노원구","dong_name":"중계2.3동","Classification":"양식","count":8},
{"id":176,"gu_name":"노원구","dong_name":"공릉1동","Classification":"한식","count":158},
{"id":176,"gu_name":"노원구","dong_name":"공릉1동","Classification":"중식","count":10},
{"id":176,"gu_name":"노원구","dong_name":"공릉1동","Classification":"닭/오리요리","count":30},
{"id":176,"gu_name":"노원구","dong_name":"공릉1동","Classification":"커피점/카페","count":55},
{"id":176,"gu_name":"노원구","dong_name":"공릉1동","Classification":"편의점/슈퍼마켓","count":58},
{"id":176,"gu_name":"노원구","dong_name":"공릉1동","Classification":"일식/수산물","count":28},
{"id":176,"gu_name":"노원구","dong_name":"공릉1동","Classification":"제과제빵떡케익","count":20},
{"id":176,"gu_name":"노원구","dong_name":"공릉1동","Classification":"유흥주점","count":56},
{"id":176,"gu_name":"노원구","dong_name":"공릉1동","Classification":"분식","count":48},
{"id":176,"gu_name":"노원구","dong_name":"공릉1동","Classification":"패스트푸드","count":13},
{"id":176,"gu_name":"노원구","dong_name":"공릉1동","Classification":"별식/퓨전요리","count":14},
{"id":176,"gu_name":"노원구","dong_name":"공릉1동","Classification":"양식","count":5},
{"id":193,"gu_name":"서대문구","dong_name":"천연동","Classification":"한식","count":56},
{"id":193,"gu_name":"서대문구","dong_name":"천연동","Classification":"중식","count":0},
{"id":193,"gu_name":"서대문구","dong_name":"천연동","Classification":"닭/오리요리","count":7},
{"id":193,"gu_name":"서대문구","dong_name":"천연동","Classification":"커피점/카페","count":20},
{"id":193,"gu_name":"서대문구","dong_name":"천연동","Classification":"편의점/슈퍼마켓","count":28},
{"id":193,"gu_name":"서대문구","dong_name":"천연동","Classification":"일식/수산물","count":9},
{"id":193,"gu_name":"서대문구","dong_name":"천연동","Classification":"제과제빵떡케익","count":11},
{"id":193,"gu_name":"서대문구","dong_name":"천연동","Classification":"유흥주점","count":18},
{"id":193,"gu_name":"서대문구","dong_name":"천연동","Classification":"분식","count":38},
{"id":193,"gu_name":"서대문구","dong_name":"천연동","Classification":"패스트푸드","count":4},
{"id":193,"gu_name":"서대문구","dong_name":"천연동","Classification":"별식/퓨전요리","count":2},
{"id":193,"gu_name":"서대문구","dong_name":"천연동","Classification":"양식","count":0},
{"id":194,"gu_name":"서대문구","dong_name":"홍제1동","Classification":"한식","count":48},
{"id":194,"gu_name":"서대문구","dong_name":"홍제1동","Classification":"중식","count":1},
{"id":194,"gu_name":"서대문구","dong_name":"홍제1동","Classification":"닭/오리요리","count":8},
{"id":194,"gu_name":"서대문구","dong_name":"홍제1동","Classification":"커피점/카페","count":25},
{"id":194,"gu_name":"서대문구","dong_name":"홍제1동","Classification":"편의점/슈퍼마켓","count":23},
{"id":194,"gu_name":"서대문구","dong_name":"홍제1동","Classification":"일식/수산물","count":7},
{"id":194,"gu_name":"서대문구","dong_name":"홍제1동","Classification":"제과제빵떡케익","count":10},
{"id":194,"gu_name":"서대문구","dong_name":"홍제1동","Classification":"유흥주점","count":22},
{"id":194,"gu_name":"서대문구","dong_name":"홍제1동","Classification":"분식","count":19},
{"id":194,"gu_name":"서대문구","dong_name":"홍제1동","Classification":"패스트푸드","count":5},
{"id":194,"gu_name":"서대문구","dong_name":"홍제1동","Classification":"별식/퓨전요리","count":5},
{"id":194,"gu_name":"서대문구","dong_name":"홍제1동","Classification":"양식","count":1},
{"id":195,"gu_name":"서대문구","dong_name":"홍제3동","Classification":"한식","count":74},
{"id":195,"gu_name":"서대문구","dong_name":"홍제3동","Classification":"중식","count":2},
{"id":195,"gu_name":"서대문구","dong_name":"홍제3동","Classification":"닭/오리요리","count":12},
{"id":195,"gu_name":"서대문구","dong_name":"홍제3동","Classification":"커피점/카페","count":18},
{"id":195,"gu_name":"서대문구","dong_name":"홍제3동","Classification":"편의점/슈퍼마켓","count":14},
{"id":195,"gu_name":"서대문구","dong_name":"홍제3동","Classification":"일식/수산물","count":4},
{"id":195,"gu_name":"서대문구","dong_name":"홍제3동","Classification":"제과제빵떡케익","count":12},
{"id":195,"gu_name":"서대문구","dong_name":"홍제3동","Classification":"유흥주점","count":13},
{"id":195,"gu_name":"서대문구","dong_name":"홍제3동","Classification":"분식","count":22},
{"id":195,"gu_name":"서대문구","dong_name":"홍제3동","Classification":"패스트푸드","count":10},
{"id":195,"gu_name":"서대문구","dong_name":"홍제3동","Classification":"별식/퓨전요리","count":10},
{"id":195,"gu_name":"서대문구","dong_name":"홍제3동","Classification":"양식","count":1},
{"id":196,"gu_name":"서대문구","dong_name":"홍제2동","Classification":"한식","count":20},
{"id":196,"gu_name":"서대문구","dong_name":"홍제2동","Classification":"중식","count":1},
{"id":196,"gu_name":"서대문구","dong_name":"홍제2동","Classification":"닭/오리요리","count":9},
{"id":196,"gu_name":"서대문구","dong_name":"홍제2동","Classification":"커피점/카페","count":9},
{"id":196,"gu_name":"서대문구","dong_name":"홍제2동","Classification":"편의점/슈퍼마켓","count":11},
{"id":196,"gu_name":"서대문구","dong_name":"홍제2동","Classification":"일식/수산물","count":2},
{"id":196,"gu_name":"서대문구","dong_name":"홍제2동","Classification":"제과제빵떡케익","count":7},
{"id":196,"gu_name":"서대문구","dong_name":"홍제2동","Classification":"유흥주점","count":17},
{"id":196,"gu_name":"서대문구","dong_name":"홍제2동","Classification":"분식","count":14},
{"id":196,"gu_name":"서대문구","dong_name":"홍제2동","Classification":"패스트푸드","count":4},
{"id":196,"gu_name":"서대문구","dong_name":"홍제2동","Classification":"별식/퓨전요리","count":3},
{"id":196,"gu_name":"서대문구","dong_name":"홍제2동","Classification":"양식","count":0},
{"id":197,"gu_name":"서대문구","dong_name":"홍은1동","Classification":"한식","count":61},
{"id":197,"gu_name":"서대문구","dong_name":"홍은1동","Classification":"중식","count":4},
{"id":197,"gu_name":"서대문구","dong_name":"홍은1동","Classification":"닭/오리요리","count":15},
{"id":197,"gu_name":"서대문구","dong_name":"홍은1동","Classification":"커피점/카페","count":20},
{"id":197,"gu_name":"서대문구","dong_name":"홍은1동","Classification":"편의점/슈퍼마켓","count":23},
{"id":197,"gu_name":"서대문구","dong_name":"홍은1동","Classification":"일식/수산물","count":6},
{"id":197,"gu_name":"서대문구","dong_name":"홍은1동","Classification":"제과제빵떡케익","count":10},
{"id":197,"gu_name":"서대문구","dong_name":"홍은1동","Classification":"유흥주점","count":21},
{"id":197,"gu_name":"서대문구","dong_name":"홍은1동","Classification":"분식","count":29},
{"id":197,"gu_name":"서대문구","dong_name":"홍은1동","Classification":"패스트푸드","count":2},
{"id":197,"gu_name":"서대문구","dong_name":"홍은1동","Classification":"별식/퓨전요리","count":0},
{"id":197,"gu_name":"서대문구","dong_name":"홍은1동","Classification":"양식","count":3},
{"id":198,"gu_name":"서대문구","dong_name":"홍은2동","Classification":"한식","count":70},
{"id":198,"gu_name":"서대문구","dong_name":"홍은2동","Classification":"중식","count":1},
{"id":198,"gu_name":"서대문구","dong_name":"홍은2동","Classification":"닭/오리요리","count":11},
{"id":198,"gu_name":"서대문구","dong_name":"홍은2동","Classification":"커피점/카페","count":31},
{"id":198,"gu_name":"서대문구","dong_name":"홍은2동","Classification":"편의점/슈퍼마켓","count":34},
{"id":198,"gu_name":"서대문구","dong_name":"홍은2동","Classification":"일식/수산물","count":11},
{"id":198,"gu_name":"서대문구","dong_name":"홍은2동","Classification":"제과제빵떡케익","count":10},
{"id":198,"gu_name":"서대문구","dong_name":"홍은2동","Classification":"유흥주점","count":20},
{"id":198,"gu_name":"서대문구","dong_name":"홍은2동","Classification":"분식","count":27},
{"id":198,"gu_name":"서대문구","dong_name":"홍은2동","Classification":"패스트푸드","count":11},
{"id":198,"gu_name":"서대문구","dong_name":"홍은2동","Classification":"별식/퓨전요리","count":3},
{"id":198,"gu_name":"서대문구","dong_name":"홍은2동","Classification":"양식","count":2},
{"id":199,"gu_name":"서대문구","dong_name":"남가좌1동","Classification":"한식","count":46},
{"id":199,"gu_name":"서대문구","dong_name":"남가좌1동","Classification":"중식","count":0},
{"id":199,"gu_name":"서대문구","dong_name":"남가좌1동","Classification":"닭/오리요리","count":4},
{"id":199,"gu_name":"서대문구","dong_name":"남가좌1동","Classification":"커피점/카페","count":10},
{"id":199,"gu_name":"서대문구","dong_name":"남가좌1동","Classification":"편의점/슈퍼마켓","count":10},
{"id":199,"gu_name":"서대문구","dong_name":"남가좌1동","Classification":"일식/수산물","count":3},
{"id":199,"gu_name":"서대문구","dong_name":"남가좌1동","Classification":"제과제빵떡케익","count":9},
{"id":199,"gu_name":"서대문구","dong_name":"남가좌1동","Classification":"유흥주점","count":21},
{"id":199,"gu_name":"서대문구","dong_name":"남가좌1동","Classification":"분식","count":11},
{"id":199,"gu_name":"서대문구","dong_name":"남가좌1동","Classification":"패스트푸드","count":4},
{"id":199,"gu_name":"서대문구","dong_name":"남가좌1동","Classification":"별식/퓨전요리","count":1},
{"id":199,"gu_name":"서대문구","dong_name":"남가좌1동","Classification":"양식","count":0},
{"id":200,"gu_name":"서대문구","dong_name":"남가좌2동","Classification":"한식","count":70},
{"id":200,"gu_name":"서대문구","dong_name":"남가좌2동","Classification":"중식","count":7},
{"id":200,"gu_name":"서대문구","dong_name":"남가좌2동","Classification":"닭/오리요리","count":14},
{"id":200,"gu_name":"서대문구","dong_name":"남가좌2동","Classification":"커피점/카페","count":41},
{"id":200,"gu_name":"서대문구","dong_name":"남가좌2동","Classification":"편의점/슈퍼마켓","count":29},
{"id":200,"gu_name":"서대문구","dong_name":"남가좌2동","Classification":"일식/수산물","count":9},
{"id":200,"gu_name":"서대문구","dong_name":"남가좌2동","Classification":"제과제빵떡케익","count":9},
{"id":200,"gu_name":"서대문구","dong_name":"남가좌2동","Classification":"유흥주점","count":29},
{"id":200,"gu_name":"서대문구","dong_name":"남가좌2동","Classification":"분식","count":20},
{"id":200,"gu_name":"서대문구","dong_name":"남가좌2동","Classification":"패스트푸드","count":6},
{"id":200,"gu_name":"서대문구","dong_name":"남가좌2동","Classification":"별식/퓨전요리","count":5},
{"id":200,"gu_name":"서대문구","dong_name":"남가좌2동","Classification":"양식","count":5},
{"id":201,"gu_name":"서대문구","dong_name":"북가좌1동","Classification":"한식","count":18},
{"id":201,"gu_name":"서대문구","dong_name":"북가좌1동","Classification":"중식","count":0},
{"id":201,"gu_name":"서대문구","dong_name":"북가좌1동","Classification":"닭/오리요리","count":7},
{"id":201,"gu_name":"서대문구","dong_name":"북가좌1동","Classification":"커피점/카페","count":11},
{"id":201,"gu_name":"서대문구","dong_name":"북가좌1동","Classification":"편의점/슈퍼마켓","count":15},
{"id":201,"gu_name":"서대문구","dong_name":"북가좌1동","Classification":"일식/수산물","count":2},
{"id":201,"gu_name":"서대문구","dong_name":"북가좌1동","Classification":"제과제빵떡케익","count":1},
{"id":201,"gu_name":"서대문구","dong_name":"북가좌1동","Classification":"유흥주점","count":6},
{"id":201,"gu_name":"서대문구","dong_name":"북가좌1동","Classification":"분식","count":2},
{"id":201,"gu_name":"서대문구","dong_name":"북가좌1동","Classification":"패스트푸드","count":5},
{"id":201,"gu_name":"서대문구","dong_name":"북가좌1동","Classification":"별식/퓨전요리","count":1},
{"id":201,"gu_name":"서대문구","dong_name":"북가좌1동","Classification":"양식","count":0},
{"id":202,"gu_name":"서대문구","dong_name":"북가좌2동","Classification":"한식","count":69},
{"id":202,"gu_name":"서대문구","dong_name":"북가좌2동","Classification":"중식","count":3},
{"id":202,"gu_name":"서대문구","dong_name":"북가좌2동","Classification":"닭/오리요리","count":20},
{"id":202,"gu_name":"서대문구","dong_name":"북가좌2동","Classification":"커피점/카페","count":32},
{"id":202,"gu_name":"서대문구","dong_name":"북가좌2동","Classification":"편의점/슈퍼마켓","count":35},
{"id":202,"gu_name":"서대문구","dong_name":"북가좌2동","Classification":"일식/수산물","count":14},
{"id":202,"gu_name":"서대문구","dong_name":"북가좌2동","Classification":"제과제빵떡케익","count":7},
{"id":202,"gu_name":"서대문구","dong_name":"북가좌2동","Classification":"유흥주점","count":35},
{"id":202,"gu_name":"서대문구","dong_name":"북가좌2동","Classification":"분식","count":16},
{"id":202,"gu_name":"서대문구","dong_name":"북가좌2동","Classification":"패스트푸드","count":5},
{"id":202,"gu_name":"서대문구","dong_name":"북가좌2동","Classification":"별식/퓨전요리","count":6},
{"id":202,"gu_name":"서대문구","dong_name":"북가좌2동","Classification":"양식","count":2},
{"id":203,"gu_name":"서대문구","dong_name":"충현동","Classification":"한식","count":216},
{"id":203,"gu_name":"서대문구","dong_name":"충현동","Classification":"중식","count":10},
{"id":203,"gu_name":"서대문구","dong_name":"충현동","Classification":"닭/오리요리","count":20},
{"id":203,"gu_name":"서대문구","dong_name":"충현동","Classification":"커피점/카페","count":82},
{"id":203,"gu_name":"서대문구","dong_name":"충현동","Classification":"편의점/슈퍼마켓","count":54},
{"id":203,"gu_name":"서대문구","dong_name":"충현동","Classification":"일식/수산물","count":27},
{"id":203,"gu_name":"서대문구","dong_name":"충현동","Classification":"제과제빵떡케익","count":11},
{"id":203,"gu_name":"서대문구","dong_name":"충현동","Classification":"유흥주점","count":36},
{"id":203,"gu_name":"서대문구","dong_name":"충현동","Classification":"분식","count":64},
{"id":203,"gu_name":"서대문구","dong_name":"충현동","Classification":"패스트푸드","count":11},
{"id":203,"gu_name":"서대문구","dong_name":"충현동","Classification":"별식/퓨전요리","count":13},
{"id":203,"gu_name":"서대문구","dong_name":"충현동","Classification":"양식","count":1},
{"id":204,"gu_name":"서대문구","dong_name":"북아현동","Classification":"한식","count":47},
{"id":204,"gu_name":"서대문구","dong_name":"북아현동","Classification":"중식","count":2},
{"id":204,"gu_name":"서대문구","dong_name":"북아현동","Classification":"닭/오리요리","count":8},
{"id":204,"gu_name":"서대문구","dong_name":"북아현동","Classification":"커피점/카페","count":15},
{"id":204,"gu_name":"서대문구","dong_name":"북아현동","Classification":"편의점/슈퍼마켓","count":18},
{"id":204,"gu_name":"서대문구","dong_name":"북아현동","Classification":"일식/수산물","count":4},
{"id":204,"gu_name":"서대문구","dong_name":"북아현동","Classification":"제과제빵떡케익","count":8},
{"id":204,"gu_name":"서대문구","dong_name":"북아현동","Classification":"유흥주점","count":17},
{"id":204,"gu_name":"서대문구","dong_name":"북아현동","Classification":"분식","count":9},
{"id":204,"gu_name":"서대문구","dong_name":"북아현동","Classification":"패스트푸드","count":5},
{"id":204,"gu_name":"서대문구","dong_name":"북아현동","Classification":"별식/퓨전요리","count":2},
{"id":204,"gu_name":"서대문구","dong_name":"북아현동","Classification":"양식","count":1},
{"id":205,"gu_name":"서대문구","dong_name":"신촌동","Classification":"한식","count":510},
{"id":205,"gu_name":"서대문구","dong_name":"신촌동","Classification":"중식","count":26},
{"id":205,"gu_name":"서대문구","dong_name":"신촌동","Classification":"닭/오리요리","count":70},
{"id":205,"gu_name":"서대문구","dong_name":"신촌동","Classification":"커피점/카페","count":403},
{"id":205,"gu_name":"서대문구","dong_name":"신촌동","Classification":"편의점/슈퍼마켓","count":126},
{"id":205,"gu_name":"서대문구","dong_name":"신촌동","Classification":"일식/수산물","count":97},
{"id":205,"gu_name":"서대문구","dong_name":"신촌동","Classification":"제과제빵떡케익","count":69},
{"id":205,"gu_name":"서대문구","dong_name":"신촌동","Classification":"유흥주점","count":291},
{"id":205,"gu_name":"서대문구","dong_name":"신촌동","Classification":"분식","count":233},
{"id":205,"gu_name":"서대문구","dong_name":"신촌동","Classification":"패스트푸드","count":71},
{"id":205,"gu_name":"서대문구","dong_name":"신촌동","Classification":"별식/퓨전요리","count":36},
{"id":205,"gu_name":"서대문구","dong_name":"신촌동","Classification":"양식","count":51},
{"id":206,"gu_name":"서대문구","dong_name":"연희동","Classification":"한식","count":114},
{"id":206,"gu_name":"서대문구","dong_name":"연희동","Classification":"중식","count":8},
{"id":206,"gu_name":"서대문구","dong_name":"연희동","Classification":"닭/오리요리","count":18},
{"id":206,"gu_name":"서대문구","dong_name":"연희동","Classification":"커피점/카페","count":79},
{"id":206,"gu_name":"서대문구","dong_name":"연희동","Classification":"편의점/슈퍼마켓","count":44},
{"id":206,"gu_name":"서대문구","dong_name":"연희동","Classification":"일식/수산물","count":25},
{"id":206,"gu_name":"서대문구","dong_name":"연희동","Classification":"제과제빵떡케익","count":27},
{"id":206,"gu_name":"서대문구","dong_name":"연희동","Classification":"유흥주점","count":20},
{"id":206,"gu_name":"서대문구","dong_name":"연희동","Classification":"분식","count":38},
{"id":206,"gu_name":"서대문구","dong_name":"연희동","Classification":"패스트푸드","count":14},
{"id":206,"gu_name":"서대문구","dong_name":"연희동","Classification":"별식/퓨전요리","count":7},
{"id":206,"gu_name":"서대문구","dong_name":"연희동","Classification":"양식","count":1}]