[{"ID":110131,"NAME":"가회동한식","SIGA":4,"IN9":2,"GIGAN":4.96,"UP":2,"SUYO":7,"GONG":5},
{"ID":110132,"NAME":"가회동중식","SIGA":4,"IN9":2,"GIGAN":6.24,"UP":0,"SUYO":0,"GONG":10},
{"ID":110133,"NAME":"가회동일식","SIGA":4,"IN9":2,"GIGAN":5.12,"UP":8,"SUYO":0,"GONG":6},
{"ID":110134,"NAME":"가회동양식","SIGA":4,"IN9":2,"GIGAN":3.84,"UP":1,"SUYO":1,"GONG":2},
{"ID":110135,"NAME":"가회동분식","SIGA":4,"IN9":2,"GIGAN":3.68,"UP":4,"SUYO":3,"GONG":4},
{"ID":110136,"NAME":"가회동패푸","SIGA":4,"IN9":2,"GIGAN":4.8,"UP":1,"SUYO":9,"GONG":6},
{"ID":110137,"NAME":"가회동치킨","SIGA":4,"IN9":2,"GIGAN":7.84,"UP":9,"SUYO":3,"GONG":5},
{"ID":110138,"NAME":"가회동제빵","SIGA":4,"IN9":2,"GIGAN":4.96,"UP":7,"SUYO":1,"GONG":7},
{"ID":110139,"NAME":"가회동카페","SIGA":4,"IN9":2,"GIGAN":4.64,"UP":0,"SUYO":2,"GONG":2},
{"ID":110140,"NAME":"가회동유흥","SIGA":4,"IN9":2,"GIGAN":4.96,"UP":0,"SUYO":0,"GONG":9},
{"ID":110141,"NAME":"가회동편의","SIGA":4,"IN9":2,"GIGAN":5.28,"UP":2,"SUYO":2,"GONG":6},
{"ID":110231,"NAME":"교남동한식","SIGA":8,"IN9":4,"GIGAN":4,"UP":5,"SUYO":0,"GONG":6},
{"ID":110232,"NAME":"교남동중식","SIGA":8,"IN9":4,"GIGAN":4.32,"UP":5,"SUYO":0,"GONG":6},
{"ID":110233,"NAME":"교남동일식","SIGA":8,"IN9":4,"GIGAN":3.68,"UP":5,"SUYO":0,"GONG":6},
{"ID":110234,"NAME":"교남동양식","SIGA":8,"IN9":4,"GIGAN":4,"UP":4,"SUYO":0,"GONG":6},
{"ID":110235,"NAME":"교남동분식","SIGA":8,"IN9":4,"GIGAN":2.56,"UP":5,"SUYO":0,"GONG":6},
{"ID":110236,"NAME":"교남동패푸","SIGA":8,"IN9":4,"GIGAN":7.36,"UP":5,"SUYO":0,"GONG":6},
{"ID":110237,"NAME":"교남동치킨","SIGA":8,"IN9":4,"GIGAN":5.92,"UP":5,"SUYO":0,"GONG":6},
{"ID":110238,"NAME":"교남동제빵","SIGA":8,"IN9":4,"GIGAN":4.16,"UP":5,"SUYO":0,"GONG":6},
{"ID":110239,"NAME":"교남동카페","SIGA":8,"IN9":4,"GIGAN":2.88,"UP":5,"SUYO":0,"GONG":6},
{"ID":110240,"NAME":"교남동유흥","SIGA":8,"IN9":4,"GIGAN":2.72,"UP":4,"SUYO":0,"GONG":6},
{"ID":110241,"NAME":"교남동편의","SIGA":8,"IN9":4,"GIGAN":4.96,"UP":7,"SUYO":0,"GONG":6},
{"ID":110331,"NAME":"무악동한식","SIGA":0,"IN9":3,"GIGAN":3.2,"UP":5,"SUYO":0,"GONG":10},
{"ID":110332,"NAME":"무악동중식","SIGA":0,"IN9":3,"GIGAN":4.16,"UP":5,"SUYO":0,"GONG":10},
{"ID":110333,"NAME":"무악동일식","SIGA":0,"IN9":3,"GIGAN":0,"UP":5,"SUYO":0,"GONG":10},
{"ID":110334,"NAME":"무악동양식","SIGA":0,"IN9":3,"GIGAN":4.48,"UP":4,"SUYO":0,"GONG":10},
{"ID":110335,"NAME":"무악동분식","SIGA":0,"IN9":3,"GIGAN":2.24,"UP":5,"SUYO":0,"GONG":10},
{"ID":110336,"NAME":"무악동패푸","SIGA":0,"IN9":3,"GIGAN":9.28,"UP":5,"SUYO":0,"GONG":10},
{"ID":110337,"NAME":"무악동치킨","SIGA":0,"IN9":3,"GIGAN":4.48,"UP":5,"SUYO":0,"GONG":10},
{"ID":110338,"NAME":"무악동제빵","SIGA":0,"IN9":3,"GIGAN":5.28,"UP":5,"SUYO":0,"GONG":10},
{"ID":110339,"NAME":"무악동카페","SIGA":0,"IN9":3,"GIGAN":5.12,"UP":5,"SUYO":0,"GONG":10},
{"ID":110340,"NAME":"무악동유흥","SIGA":0,"IN9":3,"GIGAN":5.12,"UP":4,"SUYO":0,"GONG":10},
{"ID":110341,"NAME":"무악동편의","SIGA":0,"IN9":3,"GIGAN":6.24,"UP":7,"SUYO":0,"GONG":10},
{"ID":110431,"NAME":"부암동한식","SIGA":7,"IN9":3,"GIGAN":5.6,"UP":5,"SUYO":0,"GONG":8},
{"ID":110432,"NAME":"부암동중식","SIGA":7,"IN9":3,"GIGAN":4,"UP":5,"SUYO":0,"GONG":8},
{"ID":110433,"NAME":"부암동일식","SIGA":7,"IN9":3,"GIGAN":4.8,"UP":5,"SUYO":0,"GONG":8},
{"ID":110434,"NAME":"부암동양식","SIGA":7,"IN9":3,"GIGAN":4.64,"UP":4,"SUYO":0,"GONG":8},
{"ID":110435,"NAME":"부암동분식","SIGA":7,"IN9":3,"GIGAN":4.64,"UP":5,"SUYO":0,"GONG":8},
{"ID":110436,"NAME":"부암동패푸","SIGA":7,"IN9":3,"GIGAN":6.56,"UP":5,"SUYO":0,"GONG":8},
{"ID":110437,"NAME":"부암동치킨","SIGA":7,"IN9":3,"GIGAN":5.12,"UP":5,"SUYO":0,"GONG":8},
{"ID":110438,"NAME":"부암동제빵","SIGA":7,"IN9":3,"GIGAN":4.32,"UP":5,"SUYO":0,"GONG":8},
{"ID":110439,"NAME":"부암동카페","SIGA":7,"IN9":3,"GIGAN":3.84,"UP":5,"SUYO":0,"GONG":8},
{"ID":110440,"NAME":"부암동유흥","SIGA":7,"IN9":3,"GIGAN":6.4,"UP":4,"SUYO":0,"GONG":8},
{"ID":110441,"NAME":"부암동편의","SIGA":7,"IN9":3,"GIGAN":6.08,"UP":7,"SUYO":0,"GONG":8},
{"ID":110531,"NAME":"사직동한식","SIGA":2,"IN9":4,"GIGAN":4.48,"UP":2,"SUYO":4,"GONG":1},
{"ID":110532,"NAME":"사직동중식","SIGA":2,"IN9":4,"GIGAN":4.48,"UP":4,"SUYO":9,"GONG":1},
{"ID":110533,"NAME":"사직동일식","SIGA":2,"IN9":4,"GIGAN":4.96,"UP":2,"SUYO":8,"GONG":1},
{"ID":110534,"NAME":"사직동양식","SIGA":2,"IN9":4,"GIGAN":4.32,"UP":1,"SUYO":3,"GONG":1},
{"ID":110535,"NAME":"사직동분식","SIGA":2,"IN9":4,"GIGAN":3.68,"UP":0,"SUYO":2,"GONG":2},
{"ID":110536,"NAME":"사직동패푸","SIGA":2,"IN9":4,"GIGAN":4.8,"UP":0,"SUYO":0,"GONG":2},
{"ID":110537,"NAME":"사직동치킨","SIGA":2,"IN9":4,"GIGAN":4.32,"UP":0,"SUYO":6,"GONG":2},
{"ID":110538,"NAME":"사직동제빵","SIGA":2,"IN9":4,"GIGAN":5.6,"UP":2,"SUYO":4,"GONG":2},
{"ID":110539,"NAME":"사직동카페","SIGA":2,"IN9":4,"GIGAN":4.64,"UP":1,"SUYO":7,"GONG":1},
{"ID":110540,"NAME":"사직동유흥","SIGA":2,"IN9":4,"GIGAN":5.44,"UP":0,"SUYO":4,"GONG":2},
{"ID":110541,"NAME":"사직동편의","SIGA":2,"IN9":4,"GIGAN":5.6,"UP":1,"SUYO":2,"GONG":2},
{"ID":110631,"NAME":"삼청동한식","SIGA":3,"IN9":1,"GIGAN":4.8,"UP":9,"SUYO":9,"GONG":4},
{"ID":110632,"NAME":"삼청동중식","SIGA":3,"IN9":1,"GIGAN":4.8,"UP":0,"SUYO":2,"GONG":2},
{"ID":110633,"NAME":"삼청동일식","SIGA":3,"IN9":1,"GIGAN":4,"UP":4,"SUYO":3,"GONG":4},
{"ID":110634,"NAME":"삼청동양식","SIGA":3,"IN9":1,"GIGAN":5.6,"UP":1,"SUYO":3,"GONG":6},
{"ID":110635,"NAME":"삼청동분식","SIGA":3,"IN9":1,"GIGAN":4.48,"UP":0,"SUYO":1,"GONG":4},
{"ID":110636,"NAME":"삼청동패푸","SIGA":3,"IN9":1,"GIGAN":6.4,"UP":0,"SUYO":0,"GONG":9},
{"ID":110637,"NAME":"삼청동치킨","SIGA":3,"IN9":1,"GIGAN":8.48,"UP":3,"SUYO":2,"GONG":2},
{"ID":110638,"NAME":"삼청동제빵","SIGA":3,"IN9":1,"GIGAN":5.6,"UP":0,"SUYO":0,"GONG":4},
{"ID":110639,"NAME":"삼청동카페","SIGA":3,"IN9":1,"GIGAN":4.8,"UP":0,"SUYO":0,"GONG":1},
{"ID":110640,"NAME":"삼청동유흥","SIGA":3,"IN9":1,"GIGAN":4.48,"UP":1,"SUYO":0,"GONG":8},
{"ID":110641,"NAME":"삼청동편의","SIGA":3,"IN9":1,"GIGAN":4.8,"UP":3,"SUYO":2,"GONG":4},
{"ID":110731,"NAME":"숭인1동한식","SIGA":2,"IN9":2,"GIGAN":4.8,"UP":5,"SUYO":2,"GONG":8},
{"ID":110732,"NAME":"숭인1동중식","SIGA":2,"IN9":2,"GIGAN":6.24,"UP":9,"SUYO":3,"GONG":0},
{"ID":110733,"NAME":"숭인1동일식","SIGA":2,"IN9":2,"GIGAN":4.8,"UP":0,"SUYO":2,"GONG":9},
{"ID":110734,"NAME":"숭인1동양식","SIGA":2,"IN9":2,"GIGAN":5.44,"UP":10,"SUYO":8,"GONG":9},
{"ID":110735,"NAME":"숭인1동분식","SIGA":2,"IN9":2,"GIGAN":5.76,"UP":4,"SUYO":1,"GONG":9},
{"ID":110736,"NAME":"숭인1동패푸","SIGA":2,"IN9":2,"GIGAN":6.08,"UP":4,"SUYO":1,"GONG":7},
{"ID":110737,"NAME":"숭인1동치킨","SIGA":2,"IN9":2,"GIGAN":3.84,"UP":7,"SUYO":1,"GONG":9},
{"ID":110738,"NAME":"숭인1동제빵","SIGA":2,"IN9":2,"GIGAN":4.8,"UP":0,"SUYO":9,"GONG":10},
{"ID":110739,"NAME":"숭인1동카페","SIGA":2,"IN9":2,"GIGAN":3.52,"UP":10,"SUYO":2,"GONG":10},
{"ID":110740,"NAME":"숭인1동유흥","SIGA":2,"IN9":2,"GIGAN":3.52,"UP":7,"SUYO":2,"GONG":9},
{"ID":110741,"NAME":"숭인1동편의","SIGA":2,"IN9":2,"GIGAN":4.8,"UP":1,"SUYO":2,"GONG":7},
{"ID":110831,"NAME":"숭인2동한식","SIGA":5,"IN9":5,"GIGAN":4.64,"UP":5,"SUYO":2,"GONG":5},
{"ID":110832,"NAME":"숭인2동중식","SIGA":5,"IN9":5,"GIGAN":4.64,"UP":1,"SUYO":8,"GONG":6},
{"ID":110833,"NAME":"숭인2동일식","SIGA":5,"IN9":5,"GIGAN":2.56,"UP":1,"SUYO":9,"GONG":6},
{"ID":110834,"NAME":"숭인2동양식","SIGA":5,"IN9":5,"GIGAN":3.84,"UP":7,"SUYO":1,"GONG":2},
{"ID":110835,"NAME":"숭인2동분식","SIGA":5,"IN9":5,"GIGAN":4,"UP":9,"SUYO":2,"GONG":6},
{"ID":110836,"NAME":"숭인2동패푸","SIGA":5,"IN9":5,"GIGAN":7.36,"UP":1,"SUYO":0,"GONG":6},
{"ID":110837,"NAME":"숭인2동치킨","SIGA":5,"IN9":5,"GIGAN":4.32,"UP":4,"SUYO":5,"GONG":3},
{"ID":110838,"NAME":"숭인2동제빵","SIGA":5,"IN9":5,"GIGAN":5.76,"UP":4,"SUYO":7,"GONG":8},
{"ID":110839,"NAME":"숭인2동카페","SIGA":5,"IN9":5,"GIGAN":5.44,"UP":10,"SUYO":3,"GONG":7},
{"ID":110840,"NAME":"숭인2동유흥","SIGA":5,"IN9":5,"GIGAN":3.52,"UP":2,"SUYO":2,"GONG":6},
{"ID":110841,"NAME":"숭인2동편의","SIGA":5,"IN9":5,"GIGAN":3.84,"UP":2,"SUYO":2,"GONG":2},
{"ID":110931,"NAME":"이화동한식","SIGA":7,"IN9":4,"GIGAN":4.64,"UP":4,"SUYO":7,"GONG":2},
{"ID":110932,"NAME":"이화동중식","SIGA":7,"IN9":4,"GIGAN":4.48,"UP":0,"SUYO":0,"GONG":3},
{"ID":110933,"NAME":"이화동일식","SIGA":7,"IN9":4,"GIGAN":4.64,"UP":0,"SUYO":5,"GONG":2},
{"ID":110934,"NAME":"이화동양식","SIGA":7,"IN9":4,"GIGAN":4.32,"UP":1,"SUYO":2,"GONG":2},
{"ID":110935,"NAME":"이화동분식","SIGA":7,"IN9":4,"GIGAN":3.84,"UP":2,"SUYO":0,"GONG":2},
{"ID":110936,"NAME":"이화동패푸","SIGA":7,"IN9":4,"GIGAN":4.16,"UP":7,"SUYO":10,"GONG":2},
{"ID":110937,"NAME":"이화동치킨","SIGA":7,"IN9":4,"GIGAN":7.68,"UP":9,"SUYO":0,"GONG":4},
{"ID":110938,"NAME":"이화동제빵","SIGA":7,"IN9":4,"GIGAN":4,"UP":2,"SUYO":0,"GONG":4},
{"ID":110939,"NAME":"이화동카페","SIGA":7,"IN9":4,"GIGAN":4.64,"UP":5,"SUYO":9,"GONG":1},
{"ID":110940,"NAME":"이화동유흥","SIGA":7,"IN9":4,"GIGAN":5.44,"UP":1,"SUYO":0,"GONG":3},
{"ID":110941,"NAME":"이화동편의","SIGA":7,"IN9":4,"GIGAN":4.32,"UP":1,"SUYO":9,"GONG":2},
{"ID":1101031,"NAME":"종로1.2.3.4가동한식","SIGA":0,"IN9":4,"GIGAN":4.48,"UP":5,"SUYO":3,"GONG":0},
{"ID":1101032,"NAME":"종로1.2.3.4가동중식","SIGA":0,"IN9":4,"GIGAN":4,"UP":5,"SUYO":3,"GONG":0},
{"ID":1101033,"NAME":"종로1.2.3.4가동일식","SIGA":0,"IN9":4,"GIGAN":3.84,"UP":1,"SUYO":4,"GONG":0},
{"ID":1101034,"NAME":"종로1.2.3.4가동양식","SIGA":0,"IN9":4,"GIGAN":3.84,"UP":2,"SUYO":4,"GONG":0},
{"ID":1101035,"NAME":"종로1.2.3.4가동분식","SIGA":0,"IN9":4,"GIGAN":3.04,"UP":2,"SUYO":3,"GONG":0},
{"ID":1101036,"NAME":"종로1.2.3.4가동패푸","SIGA":0,"IN9":4,"GIGAN":4.48,"UP":2,"SUYO":2,"GONG":1},
{"ID":1101037,"NAME":"종로1.2.3.4가동치킨","SIGA":0,"IN9":4,"GIGAN":5.28,"UP":1,"SUYO":5,"GONG":1},
{"ID":1101038,"NAME":"종로1.2.3.4가동제빵","SIGA":0,"IN9":4,"GIGAN":4.8,"UP":1,"SUYO":2,"GONG":1},
{"ID":1101039,"NAME":"종로1.2.3.4가동카페","SIGA":0,"IN9":4,"GIGAN":4.32,"UP":2,"SUYO":5,"GONG":0},
{"ID":1101040,"NAME":"종로1.2.3.4가동유흥","SIGA":0,"IN9":4,"GIGAN":5.28,"UP":2,"SUYO":7,"GONG":0},
{"ID":1101041,"NAME":"종로1.2.3.4가동편의","SIGA":0,"IN9":4,"GIGAN":4.48,"UP":2,"SUYO":2,"GONG":0}]